,208449_s_at,205978_at,208351_s_at,212271_at,205867_at,205868_s_at,209895_at,209896_s_at,212610_at,209467_s_at,205206_at,205117_at,208240_s_at,208652_at,221315_s_at,204421_s_at,204422_s_at,208417_at,221308_at,206607_at,220394_at,207822_at,207937_x_at,210973_s_at,211535_s_at,215404_x_at,222164_at,200017_at,212046_x_at,206783_at,221700_s_at,204011_at,213324_at,221281_at,221284_s_at,200633_at,208980_s_at,211296_x_at,206404_at,221376_at,201374_x_at,201375_s_at,208378_x_at,210310_s_at,210311_at,215075_s_at,206044_s_at,221166_at,214571_at,200695_at
208449_s_at,,,,,,,,,,,1.0,,,,,,,,2.0,,,1.0,1.0,1.0,1.0,1.0,1.0,2.0,,,2.0,,,,,2.0,2.0,2.0,,,,,,,,,,,,
205978_at,,,,,,,,,,,,,,,,,,,,,,,,,,,,2.0,,,2.0,,,,,2.0,2.0,2.0,,,,,,,,,,,,
208351_s_at,1.0,1.0,,,,,,,,,,1.0,1.0,,1.0,1.0,1.0,1.0,1.0,,1.0,1.0,1.0,1.0,1.0,1.0,1.0,,,1.0,,1.0,,,,,,,1.0,1.0,,,1.0,1.0,1.0,1.0,2.0,1.0,1.0,
212271_at,1.0,1.0,,,,,,,,,,1.0,1.0,,1.0,1.0,1.0,1.0,1.0,,1.0,1.0,1.0,1.0,1.0,1.0,1.0,,,1.0,,1.0,,,,,,,1.0,1.0,,,1.0,1.0,1.0,1.0,2.0,1.0,1.0,
205867_at,2.0,2.0,1.0,1.0,,,,,,,,2.0,2.0,1.0,2.0,2.0,2.0,2.0,2.0,2.0,2.0,2.0,2.0,2.0,2.0,2.0,2.0,2.0,1.0,2.0,2.0,1.0,1.0,1.0,1.0,2.0,2.0,2.0,2.0,2.0,1.0,1.0,2.0,2.0,2.0,2.0,,2.0,2.0,1.0
205868_s_at,2.0,2.0,1.0,1.0,,,,,,,,2.0,2.0,1.0,2.0,2.0,2.0,2.0,2.0,2.0,2.0,2.0,2.0,2.0,2.0,2.0,2.0,2.0,1.0,2.0,2.0,1.0,1.0,1.0,1.0,2.0,2.0,2.0,2.0,2.0,1.0,1.0,2.0,2.0,2.0,2.0,,2.0,2.0,1.0
209895_at,2.0,2.0,1.0,1.0,,,,,,,,2.0,2.0,1.0,2.0,2.0,2.0,2.0,2.0,2.0,2.0,2.0,2.0,2.0,2.0,2.0,2.0,2.0,1.0,2.0,2.0,1.0,1.0,1.0,1.0,2.0,2.0,2.0,2.0,2.0,1.0,1.0,2.0,2.0,2.0,2.0,,2.0,2.0,1.0
209896_s_at,2.0,2.0,1.0,1.0,,,,,,,,2.0,2.0,1.0,2.0,2.0,2.0,2.0,2.0,2.0,2.0,2.0,2.0,2.0,2.0,2.0,2.0,2.0,1.0,2.0,2.0,1.0,1.0,1.0,1.0,2.0,2.0,2.0,2.0,2.0,1.0,1.0,2.0,2.0,2.0,2.0,,2.0,2.0,1.0
212610_at,2.0,2.0,1.0,1.0,,,,,,,,2.0,2.0,1.0,2.0,2.0,2.0,2.0,2.0,2.0,2.0,2.0,2.0,2.0,2.0,2.0,2.0,2.0,1.0,2.0,2.0,1.0,1.0,1.0,1.0,2.0,2.0,2.0,2.0,2.0,1.0,1.0,2.0,2.0,2.0,2.0,,2.0,2.0,1.0
209467_s_at,,,,,,,,,,,,,,1.0,,,,,,,,,,,,,,,,,,1.0,,,,,,,,,1.0,1.0,,,,,,,,1.0
205206_at,1.0,,,,,,,,,,,1.0,1.0,,,1.0,1.0,1.0,,,1.0,1.0,1.0,1.0,1.0,1.0,1.0,,,1.0,,,,,,,,,1.0,1.0,,,1.0,1.0,1.0,,,1.0,,
205117_at,,,,,,,,,,,1.0,,,,1.0,1.0,1.0,,2.0,,,1.0,1.0,1.0,1.0,1.0,1.0,2.0,,,2.0,,,,,2.0,2.0,2.0,,,,,,,,,,,,
208240_s_at,,,,,,,,,,,1.0,,,,1.0,1.0,1.0,,2.0,,,1.0,1.0,1.0,1.0,1.0,1.0,2.0,,,2.0,,,,,2.0,2.0,2.0,,,,,,,,,,,,
208652_at,,,1.0,1.0,,,,,,,,,,,,,,,,,,,,,,,,2.0,1.0,,2.0,2.0,1.0,1.0,1.0,2.0,2.0,2.0,,,2.0,2.0,,,,2.0,1.0,,,
221315_s_at,,,,,,,,,,,,1.0,1.0,,,1.0,1.0,,,,,,,,,,,2.0,,,2.0,,,,,2.0,2.0,2.0,,,,,,,,,,,1.0,
204421_s_at,,,,,,,,,,,1.0,1.0,1.0,,1.0,,,,2.0,,,1.0,1.0,1.0,1.0,1.0,1.0,2.0,,,2.0,,,,,2.0,2.0,2.0,,,,,,,,,,,1.0,
204422_s_at,,,,,,,,,,,1.0,1.0,1.0,,1.0,,,,2.0,,,1.0,1.0,1.0,1.0,1.0,1.0,2.0,,,2.0,,,,,2.0,2.0,2.0,,,,,,,,,,,1.0,
208417_at,,,,,,,,,,,1.0,,,,,,,,2.0,,,1.0,1.0,1.0,1.0,1.0,1.0,2.0,,,2.0,,,,,2.0,2.0,2.0,,,,,,,,,,,,
221308_at,,2.0,,,,,,,,,,,,,2.0,,,,,,,,,,,,,2.0,,,2.0,,,,,2.0,2.0,2.0,,,,,,,,,,,2.0,
206607_at,2.0,2.0,,,,,,,,,,2.0,2.0,,2.0,2.0,2.0,2.0,2.0,,2.0,2.0,2.0,2.0,2.0,2.0,2.0,2.0,,2.0,2.0,2.0,,,,2.0,2.0,2.0,2.0,2.0,,,2.0,2.0,2.0,,,2.0,2.0,
220394_at,,,,,,,,,,,1.0,,,,,,,,2.0,,,1.0,1.0,1.0,1.0,1.0,1.0,2.0,,,2.0,,,,,2.0,2.0,2.0,,,,,,,,,,,,
207822_at,2.0,2.0,,,,,,,,,2.0,2.0,2.0,,2.0,2.0,2.0,2.0,2.0,,2.0,,,,,,,2.0,,2.0,2.0,,,,,2.0,2.0,2.0,2.0,2.0,,,2.0,2.0,2.0,,,2.0,2.0,
207937_x_at,2.0,2.0,,,,,,,,,2.0,2.0,2.0,,2.0,2.0,2.0,2.0,2.0,,2.0,,,,,,,2.0,,2.0,2.0,,,,,2.0,2.0,2.0,2.0,2.0,,,2.0,2.0,2.0,,,2.0,2.0,
210973_s_at,2.0,2.0,,,,,,,,,2.0,2.0,2.0,,2.0,2.0,2.0,2.0,2.0,,2.0,,,,,,,2.0,,2.0,2.0,,,,,2.0,2.0,2.0,2.0,2.0,,,2.0,2.0,2.0,,,2.0,2.0,
211535_s_at,2.0,2.0,,,,,,,,,2.0,2.0,2.0,,2.0,2.0,2.0,2.0,2.0,,2.0,,,,,,,2.0,,2.0,2.0,,,,,2.0,2.0,2.0,2.0,2.0,,,2.0,2.0,2.0,,,2.0,2.0,
215404_x_at,2.0,2.0,,,,,,,,,2.0,2.0,2.0,,2.0,2.0,2.0,2.0,2.0,,2.0,,,,,,,2.0,,2.0,2.0,,,,,2.0,2.0,2.0,2.0,2.0,,,2.0,2.0,2.0,,,2.0,2.0,
222164_at,2.0,2.0,,,,,,,,,2.0,2.0,2.0,,2.0,2.0,2.0,2.0,2.0,,2.0,,,,,,,2.0,,2.0,2.0,,,,,2.0,2.0,2.0,2.0,2.0,,,2.0,2.0,2.0,,,2.0,2.0,
200017_at,1.0,1.0,,,1.0,1.0,1.0,1.0,1.0,,,1.0,1.0,1.0,1.0,1.0,1.0,1.0,1.0,1.0,1.0,1.0,1.0,1.0,1.0,1.0,1.0,,,1.0,2.0,2.0,,,,2.0,2.0,2.0,1.0,1.0,,,1.0,1.0,1.0,1.0,,1.0,1.0,1.0
212046_x_at,1.0,1.0,,,,,,,,,,1.0,1.0,,1.0,1.0,1.0,1.0,1.0,,1.0,1.0,1.0,1.0,1.0,1.0,1.0,,,1.0,,1.0,,,,,,,1.0,1.0,,,1.0,1.0,1.0,1.0,1.0,1.0,1.0,
206783_at,,,,,,,,,,,1.0,,,,,,,,2.0,,,1.0,1.0,1.0,1.0,1.0,1.0,2.0,,,2.0,,,,,2.0,2.0,2.0,,,,,,,,,,,,
221700_s_at,1.0,1.0,,,1.0,1.0,1.0,1.0,1.0,,,1.0,1.0,1.0,1.0,1.0,1.0,1.0,1.0,1.0,1.0,1.0,1.0,1.0,1.0,1.0,1.0,,,1.0,,2.0,,,,2.0,2.0,2.0,1.0,1.0,,,1.0,1.0,1.0,1.0,,1.0,1.0,1.0
204011_at,,,,,,,,,,,,,,,,,,,,1.0,,,,,,,,1.0,,,1.0,,,,,1.0,1.0,1.0,,,,,,,,,,,,
213324_at,,,2.0,2.0,2.0,2.0,2.0,2.0,2.0,,,,,1.0,,,,,,2.0,,,,,,,,,2.0,,,1.0,,,,,,,,,1.0,1.0,,,,2.0,2.0,,,1.0
221281_at,,,2.0,2.0,2.0,2.0,2.0,2.0,2.0,,,,,1.0,,,,,,2.0,,,,,,,,,2.0,,,1.0,,,,,,,,,1.0,1.0,,,,2.0,2.0,,,1.0
221284_s_at,,,2.0,2.0,2.0,2.0,2.0,2.0,2.0,,,,,1.0,,,,,,2.0,,,,,,,,,2.0,,,1.0,,,,,,,,,1.0,1.0,,,,2.0,2.0,,,1.0
200633_at,1.0,1.0,,,1.0,1.0,1.0,1.0,1.0,,,1.0,1.0,,1.0,1.0,1.0,1.0,1.0,1.0,1.0,1.0,1.0,1.0,1.0,1.0,1.0,,,1.0,,2.0,,,,,2.0,2.0,1.0,1.0,,,1.0,1.0,1.0,1.0,,1.0,1.0,
208980_s_at,1.0,1.0,,,1.0,1.0,1.0,1.0,1.0,,,1.0,1.0,,1.0,1.0,1.0,1.0,1.0,1.0,1.0,1.0,1.0,1.0,1.0,1.0,1.0,,,1.0,,2.0,,,,,,,1.0,1.0,,,1.0,1.0,1.0,1.0,,1.0,1.0,
211296_x_at,1.0,1.0,,,1.0,1.0,1.0,1.0,1.0,,,1.0,1.0,,1.0,1.0,1.0,1.0,1.0,1.0,1.0,1.0,1.0,1.0,1.0,1.0,1.0,,,1.0,,2.0,,,,,,,1.0,1.0,,,1.0,1.0,1.0,1.0,,1.0,1.0,
206404_at,,,,,,,,,,,1.0,,,,,,,,2.0,,,1.0,1.0,1.0,1.0,1.0,1.0,2.0,,,2.0,,,,,2.0,2.0,2.0,,,,,,,,,,,,
221376_at,,,,,,,,,,,1.0,,,,,,,,2.0,,,1.0,1.0,1.0,1.0,1.0,1.0,2.0,,,2.0,,,,,2.0,2.0,2.0,,,,,,,,,,,,
201374_x_at,,,1.0,1.0,,,,,,,,,,,,,,,,,,,,,,,,2.0,1.0,,2.0,2.0,1.0,1.0,1.0,2.0,2.0,2.0,,,,,,,,2.0,1.0,,,
201375_s_at,,,1.0,1.0,,,,,,,,,,,,,,,,,,,,,,,,2.0,1.0,,2.0,2.0,1.0,1.0,1.0,2.0,2.0,2.0,,,,,,,,2.0,1.0,,,
208378_x_at,,,,,,,,,,,1.0,,,,,,,,2.0,,,1.0,1.0,1.0,1.0,1.0,1.0,2.0,,,2.0,,,,,2.0,2.0,2.0,,,,,,,,,,,,
210310_s_at,,,,,,,,,,,1.0,,,,,,,,2.0,,,1.0,1.0,1.0,1.0,1.0,1.0,2.0,,,2.0,,,,,2.0,2.0,2.0,,,,,,,,,,,,
210311_at,,,,,,,,,,,1.0,,,,,,,,2.0,,,1.0,1.0,1.0,1.0,1.0,1.0,2.0,,,2.0,,,,,2.0,2.0,2.0,,,,,,,,,,,,
215075_s_at,2.0,2.0,,,1.0,1.0,1.0,1.0,1.0,,,2.0,2.0,,2.0,2.0,2.0,2.0,2.0,2.0,2.0,2.0,2.0,2.0,2.0,2.0,2.0,2.0,,2.0,2.0,2.0,1.0,1.0,1.0,2.0,2.0,2.0,2.0,2.0,,,2.0,2.0,2.0,,,2.0,2.0,
206044_s_at,,,1.0,1.0,,,,,,,,,,,,,,,,,,,,,,,,,2.0,,,2.0,1.0,1.0,1.0,,,,,,,,,,,,,,,
221166_at,,2.0,,,,,,,,,1.0,,,,,,,,2.0,,,1.0,1.0,1.0,1.0,1.0,1.0,2.0,,,2.0,,,,,2.0,2.0,2.0,,,,,,,,,,,,
214571_at,,,,,,,,,,,,,,,1.0,1.0,1.0,,,,,,,,,,,2.0,,,2.0,,,,,2.0,2.0,2.0,,,,,,,,,,,,
200695_at,,,1.0,1.0,,,,,,,,,,2.0,,,,,,,,,,,,,,2.0,1.0,,2.0,2.0,1.0,1.0,1.0,2.0,2.0,2.0,,,2.0,2.0,,,,2.0,1.0,,,
